AC,YR,GDP,FSV,OWC,DWS,SAN,ANM,OBE,PoU
5000.0,2000.0,12770.0,10.0,5.3,82.0,56.0,29.3,8.7,12.8
5000.0,2001.0,12905.0,7.0,5.3,82.0,56.0,29.0,9.0,13.0
5000.0,2002.0,13093.0,8.0,5.4,82.0,57.0,28.8,9.3,13.2
5000.0,2003.0,13403.0,11.0,5.4,83.0,58.0,28.7,9.5,12.9
5000.0,2004.0,13915.0,13.0,5.4,83.0,60.0,28.5,9.8,12.7
5000.0,2005.0,14371.0,11.0,5.4,84.0,61.0,28.4,10.1,12.1
5000.0,2006.0,14928.0,5.0,5.4,84.0,62.0,28.2,10.4,11.0
5000.0,2007.0,15511.0,4.0,5.4,85.0,63.0,28.1,10.6,10.0
5000.0,2008.0,15748.0,10.0,5.4,85.0,64.0,27.9,10.9,9.3
5000.0,2009.0,15452.0,13.0,5.4,86.0,66.0,27.7,11.2,9.0
5000.0,2010.0,16048.0,11.0,5.4,86.0,67.0,27.6,11.5,8.7
5000.0,2011.0,16480.0,8.0,5.3,86.0,68.0,27.5,11.8,8.2
5000.0,2012.0,16785.0,4.0,5.3,87.0,69.0,27.6,12.1,8.2
5000.0,2013.0,17122.0,5.0,5.3,87.0,70.0,27.6,12.4,7.7
5000.0,2014.0,17500.0,5.0,5.2,88.0,72.0,27.8,12.7,7.4
5000.0,2015.0,17868.0,5.0,5.2,88.0,73.0,28.0,13.0,8.0
5000.0,2016.0,18233.0,12.0,5.2,89.0,74.0,28.2,13.3,7.6
5000.0,2017.0,18715.0,12.0,5.2,89.0,75.0,28.4,13.6,7.2
5000.0,2018.0,19189.0,12.0,5.1,89.0,76.0,28.6,14.0,7.4
5000.0,2019.0,19552.0,12.0,5.1,90.0,77.0,28.9,14.3,7.5
5000.0,2020.0,18812.0,6.0,5.2,90.0,78.0,29.2,14.6,8.4
5000.0,2021.0,19867.0,5.0,5.2,90.0,80.0,29.6,15.0,8.6
5000.0,2022.0,20409.0,6.0,5.2,91.0,81.0,30.1,15.4,8.6
5000.0,2023.0,20918.0,7.0,5.3,91.0,81.0,30.7,15.8,8.5
5100.0,2000.0,4614.0,4.0,6.3,48.0,25.0,41.2,8.7,22.1
5100.0,2001.0,4681.0,12.0,6.4,48.0,25.0,40.7,9.1,21.4
5100.0,2002.0,4809.0,13.0,6.4,49.0,26.0,40.2,9.4,21.0
5100.0,2003.0,4902.0,13.0,6.4,50.0,26.0,39.7,9.8,20.7
5100.0,2004.0,5065.0,11.0,6.3,51.0,27.0,39.2,10.2,20.2
5100.0,2005.0,5218.0,5.0,6.2,52.0,27.0,38.7,10.5,18.9
5100.0,2006.0,5391.0,5.0,6.0,53.0,28.0,38.1,10.9,18.0
5100.0,2007.0,5569.0,9.0,5.9,54.0,28.0,37.5,11.2,17.3
5100.0,2008.0,5714.0,11.0,5.7,54.0,29.0,36.9,11.5,16.7
5100.0,2009.0,5759.0,14.0,5.5,55.0,29.0,36.2,11.8,16.0
5100.0,2010.0,5935.0,12.0,5.3,56.0,30.0,35.7,12.1,15.9
5100.0,2011.0,5961.0,9.0,5.1,57.0,30.0,35.2,12.4,15.8
5100.0,2012.0,6091.0,7.0,4.9,58.0,31.0,34.9,12.7,15.8
5100.0,2013.0,6166.0,7.0,4.7,59.0,31.0,34.7,13.0,15.8
5100.0,2014.0,6248.0,10.0,4.5,60.0,32.0,34.5,13.3,15.6
5100.0,2015.0,6287.0,7.0,4.3,61.0,33.0,34.4,13.6,16.1
5100.0,2016.0,6250.0,7.0,4.2,62.0,33.0,34.4,14.0,17.1
5100.0,2017.0,6285.0,12.0,4.1,62.0,34.0,34.5,14.3,16.7
5100.0,2018.0,6329.0,11.0,4.0,63.0,34.0,34.5,14.6,17.0
5100.0,2019.0,6354.0,11.0,3.9,64.0,35.0,34.6,14.9,17.5
5100.0,2020.0,6040.0,8.0,3.9,65.0,36.0,34.7,15.2,18.3
5100.0,2021.0,6130.0,11.0,4.0,66.0,36.0,35.0,15.5,18.8
5100.0,2022.0,6250.0,9.0,4.1,67.0,37.0,35.4,15.9,19.1
5100.0,2023.0,6301.0,9.0,4.2,68.0,37.0,35.9,16.2,20.1
5101.0,2000.0,1843.0,6.0,5.2,34.0,14.0,34.6,2.6,38.0
5101.0,2001.0,1877.0,11.0,5.3,35.0,15.0,33.8,2.8,36.4
5101.0,2002.0,1842.0,11.0,5.4,36.0,15.0,33.0,2.9,35.6
5101.0,2003.0,1813.0,12.0,5.4,37.0,16.0,32.3,3.1,35.4
5101.0,2004.0,1861.0,14.0,5.4,38.0,16.0,31.6,3.3,34.3
5101.0,2005.0,1911.0,10.0,5.3,39.0,17.0,30.9,3.5,31.3
5101.0,2006.0,1980.0,12.0,5.2,40.0,18.0,30.2,3.6,29.6
5101.0,2007.0,2056.0,15.0,5.0,42.0,18.0,29.4,3.8,28.4
5101.0,2008.0,2078.0,17.0,4.8,43.0,19.0,28.8,4.0,27.3
5101.0,2009.0,2136.0,15.0,4.6,44.0,20.0,28.2,4.2,25.7
5101.0,2010.0,2252.0,7.0,4.4,45.0,20.0,27.7,4.4,24.8
5101.0,2011.0,2358.0,9.0,4.1,46.0,21.0,27.4,4.6,24.0
5101.0,2012.0,2440.0,10.0,3.9,48.0,21.0,27.3,4.8,23.4
5101.0,2013.0,2512.0,8.0,3.8,49.0,22.0,27.4,5.0,23.3
5101.0,2014.0,2594.0,3.0,3.6,50.0,23.0,27.6,5.2,23.4
5101.0,2015.0,2674.0,6.0,3.4,51.0,24.0,27.8,5.5,24.1
5101.0,2016.0,2745.0,9.0,3.3,52.0,24.0,28.1,5.7,26.6
5101.0,2017.0,2820.0,30.0,3.2,54.0,25.0,28.4,6.0,25.8
5101.0,2018.0,2896.0,28.0,3.2,55.0,26.0,28.7,6.2,25.9
5101.0,2019.0,2958.0,24.0,3.2,56.0,26.0,29.0,6.5,27.4
5101.0,2020.0,2890.0,20.0,3.2,58.0,27.0,29.4,6.8,27.0
5101.0,2021.0,2973.0,23.0,3.3,59.0,28.0,29.9,7.1,27.5
5101.0,2022.0,3039.0,19.0,3.4,60.0,29.0,30.5,7.4,26.1
5101.0,2023.0,3128.0,24.0,3.6,61.0,29.0,31.4,7.7,25.5
5102.0,2000.0,2969.0,49.0,5.8,43.0,26.0,52.9,3.7,34.6
5102.0,2001.0,3019.0,47.0,6.0,43.0,26.0,52.4,3.9,34.0
5102.0,2002.0,3164.0,51.0,6.1,43.0,26.0,51.9,4.2,33.2
5102.0,2003.0,3214.0,51.0,6.1,43.0,26.0,51.4,4.4,32.1
5102.0,2004.0,3452.0,48.0,6.1,44.0,26.0,50.8,4.7,30.3
5102.0,2005.0,3668.0,30.0,6.1,44.0,26.0,50.1,4.9,28.4
5102.0,2006.0,3804.0,20.0,6.0,44.0,26.0,49.4,5.2,26.7
5102.0,2007.0,4006.0,9.0,5.8,45.0,26.0,48.6,5.4,25.2
5102.0,2008.0,4188.0,8.0,5.6,45.0,26.0,47.7,5.6,23.9
5102.0,2009.0,4147.0,13.0,5.4,46.0,26.0,46.7,5.9,22.9
5102.0,2010.0,4216.0,18.0,5.1,46.0,26.0,45.8,6.1,23.5
5102.0,2011.0,4262.0,17.0,4.9,46.0,26.0,44.9,6.3,23.2
5102.0,2012.0,4448.0,14.0,4.7,47.0,26.0,44.1,6.5,24.5
5102.0,2013.0,4477.0,15.0,4.4,47.0,26.0,43.4,6.7,23.7
5102.0,2014.0,4543.0,15.0,4.3,48.0,27.0,42.8,7.0,22.2
5102.0,2015.0,4489.0,17.0,4.1,48.0,27.0,42.3,7.2,24.5
5102.0,2016.0,4292.0,24.0,4.0,48.0,27.0,41.9,7.5,26.1
5102.0,2017.0,4172.0,32.0,3.9,48.0,27.0,41.7,7.7,25.0
5102.0,2018.0,4096.0,33.0,3.9,49.0,26.0,41.5,8.0,25.7
5102.0,2019.0,4011.0,31.0,3.9,49.0,26.0,41.3,8.3,26.2
5102.0,2020.0,3804.0,14.0,4.0,49.0,26.0,41.2,8.6,26.8
5102.0,2021.0,3793.0,15.0,4.2,49.0,27.0,41.3,8.9,26.2
5102.0,2022.0,3858.0,18.0,4.4,48.0,27.0,41.4,9.2,29.0
5102.0,2023.0,3852.0,19.0,4.8,49.0,22.0,41.7,9.6,29.8
5103.0,2000.0,8639.0,36.0,10.7,82.0,74.0,33.6,18.9,7.5
5103.0,2001.0,8791.0,52.0,11.2,82.0,74.0,33.1,19.5,6.9
5103.0,2002.0,8906.0,56.0,11.6,82.0,75.0,32.7,20.1,6.6
5103.0,2003.0,9194.0,54.0,12.0,82.0,75.0,32.4,20.7,6.7
5103.0,2004.0,9431.0,47.0,12.3,83.0,75.0,32.2,21.4,7.1
5103.0,2005.0,9726.0,25.0,12.5,83.0,76.0,31.9,22.0,6.8
5103.0,2006.0,10107.0,13.0,12.6,83.0,76.0,31.6,22.6,6.4
5103.0,2007.0,10478.0,16.0,12.6,84.0,77.0,31.3,23.1,6.1
5103.0,2008.0,10801.0,23.0,12.4,84.0,78.0,30.9,23.7,5.7
5103.0,2009.0,10872.0,32.0,12.2,85.0,78.0,30.5,24.3,5.7
5103.0,2010.0,11165.0,25.0,12.0,85.0,79.0,30.1,24.9,5.6
5103.0,2011.0,10920.0,15.0,11.7,85.0,80.0,29.8,25.4,5.7
5103.0,2012.0,11194.0,7.0,11.3,86.0,80.0,29.5,26.0,5.6
5103.0,2013.0,11124.0,7.0,11.0,86.0,81.0,29.4,26.6,5.7
5103.0,2014.0,11133.0,11.0,10.7,87.0,82.0,29.3,27.1,5.7
5103.0,2015.0,11297.0,13.0,10.3,87.0,82.0,29.2,27.6,5.8
5103.0,2016.0,11448.0,14.0,9.9,87.0,83.0,29.3,28.1,5.9
5103.0,2017.0,11675.0,12.0,9.6,88.0,83.0,29.5,28.6,6.2
5103.0,2018.0,11860.0,14.0,9.2,88.0,84.0,29.6,29.0,6.0
5103.0,2019.0,11986.0,13.0,8.9,88.0,85.0,29.9,29.4,6.0
5103.0,2020.0,11597.0,13.0,8.6,88.0,85.0,30.2,29.8,6.6
5103.0,2021.0,11898.0,14.0,8.5,89.0,86.0,30.7,30.2,7.5
5103.0,2022.0,12230.0,14.0,8.4,89.0,86.0,31.3,30.6,7.8
5103.0,2023.0,12324.0,7.0,8.4,89.0,87.0,32.0,31.1,10.3
5104.0,2000.0,10690.0,33.0,10.8,84.0,57.0,32.7,21.3,5.1
5104.0,2001.0,10865.0,20.0,10.9,84.0,58.0,32.0,22.0,4.8
5104.0,2002.0,11171.0,23.0,11.0,85.0,59.0,31.4,22.6,5.1
5104.0,2003.0,11402.0,24.0,11.1,85.0,60.0,30.7,23.3,4.9
5104.0,2004.0,11817.0,26.0,11.2,86.0,60.0,30.1,23.9,4.8
5104.0,2005.0,12308.0,11.0,11.3,86.0,61.0,29.4,24.5,4.7
5104.0,2006.0,12886.0,14.0,11.4,87.0,62.0,28.7,25.0,5.1
5104.0,2007.0,13433.0,14.0,11.6,88.0,63.0,28.0,25.5,5.2
5104.0,2008.0,13699.0,11.0,11.8,88.0,64.0,27.4,26.0,5.2
5104.0,2009.0,13271.0,11.0,11.9,88.0,64.0,26.8,26.4,5.3
5104.0,2010.0,13556.0,11.0,12.1,89.0,65.0,26.4,26.8,6.4
5104.0,2011.0,13836.0,27.0,12.2,90.0,66.0,26.1,27.1,6.4
5104.0,2012.0,13963.0,30.0,12.3,90.0,67.0,26.0,27.3,6.0
5104.0,2013.0,14135.0,29.0,12.3,90.0,67.0,26.1,27.6,6.3
5104.0,2014.0,14144.0,27.0,12.4,91.0,68.0,26.3,27.8,6.9
5104.0,2015.0,14032.0,20.0,12.4,91.0,69.0,26.5,28.1,7.6
5104.0,2016.0,14021.0,17.0,12.4,91.0,69.0,26.9,28.4,7.3
5104.0,2017.0,14080.0,15.0,12.4,90.0,70.0,27.3,28.7,7.0
5104.0,2018.0,14068.0,25.0,12.4,90.0,71.0,27.7,28.9,7.3
5104.0,2019.0,13893.0,32.0,12.4,90.0,71.0,28.2,29.2,7.9
5104.0,2020.0,12804.0,31.0,12.3,90.0,72.0,28.7,29.5,9.7
5104.0,2021.0,13247.0,19.0,12.3,90.0,73.0,29.4,29.7,11.3
5104.0,2022.0,13355.0,31.0,12.2,90.0,73.0,30.1,30.1,10.4
5104.0,2023.0,13314.0,29.0,12.2,90.0,74.0,31.0,30.4,11.3
5105.0,2000.0,3880.0,7.0,4.9,50.0,21.0,52.0,4.5,14.4
5105.0,2001.0,3961.0,7.0,4.7,51.0,22.0,51.6,4.8,14.2
5105.0,2002.0,4275.0,6.0,4.5,52.0,22.0,51.2,5.1,13.9
5105.0,2003.0,4401.0,6.0,4.2,54.0,23.0,50.8,5.5,13.3
5105.0,2004.0,4606.0,5.0,3.9,55.0,24.0,50.3,5.8,13.1
5105.0,2005.0,4733.0,4.0,3.6,56.0,24.0,49.8,6.2,12.8
5105.0,2006.0,4864.0,4.0,3.4,57.0,25.0,49.3,6.5,12.4
5105.0,2007.0,4995.0,5.0,3.1,58.0,26.0,48.7,6.8,12.2
5105.0,2008.0,5169.0,3.0,2.9,59.0,27.0,48.0,7.1,11.7
5105.0,2009.0,5366.0,8.0,2.6,61.0,28.0,47.2,7.4,11.5
5105.0,2010.0,5611.0,10.0,2.4,62.0,28.0,46.5,7.7,11.7
5105.0,2011.0,5733.0,8.0,2.2,63.0,29.0,45.8,7.9,12.3
5105.0,2012.0,5847.0,15.0,2.1,64.0,30.0,45.2,8.2,12.3
5105.0,2013.0,6072.0,20.0,2.0,65.0,31.0,44.7,8.4,12.6
5105.0,2014.0,6260.0,23.0,1.8,66.0,32.0,44.2,8.7,12.0
5105.0,2015.0,6281.0,15.0,1.8,68.0,33.0,43.7,9.0,11.7
5105.0,2016.0,6130.0,10.0,1.7,69.0,34.0,43.3,9.4,11.7
5105.0,2017.0,6123.0,11.0,1.6,70.0,35.0,43.0,9.7,11.6
5105.0,2018.0,6152.0,14.0,1.6,71.0,36.0,42.6,10.1,12.0
5105.0,2019.0,6205.0,6.0,1.6,72.0,37.0,42.3,10.5,11.7
5105.0,2020.0,5811.0,9.0,1.7,74.0,38.0,42.0,11.0,13.8
5105.0,2021.0,5820.0,9.0,1.7,75.0,39.0,41.8,11.4,14.1
5105.0,2022.0,5948.0,10.0,1.9,76.0,40.0,41.7,11.9,15.2
5105.0,2023.0,6034.0,10.0,2.0,77.0,41.0,41.9,12.3,16.9
5203.0,2005.0,58897.0,30.0,8.1,99.0,100.0,7.9,31.2,0.0
5203.0,2006.0,59947.0,35.0,8.2,99.0,100.0,8.2,32.0,0.0
5203.0,2007.0,60571.0,18.0,8.2,99.0,100.0,8.5,32.7,0.0
5203.0,2008.0,60108.0,23.0,8.3,99.0,100.0,8.9,33.4,0.0
5203.0,2009.0,58016.0,41.0,8.3,99.0,100.0,9.2,34.1,0.0
5203.0,2010.0,59082.0,58.0,8.4,99.0,100.0,9.6,34.7,0.0
5203.0,2011.0,59603.0,43.0,8.4,99.0,100.0,10.0,35.2,0.0
5203.0,2012.0,60437.0,34.0,8.5,99.0,100.0,10.3,35.6,0.0
5203.0,2013.0,61245.0,35.0,8.5,99.0,100.0,10.7,36.1,0.0
5203.0,2014.0,62300.0,37.0,8.6,99.0,100.0,11.0,36.5,0.0
5203.0,2015.0,63501.0,15.0,8.6,99.0,100.0,11.2,36.9,0.0
5203.0,2016.0,64087.0,14.0,8.7,99.0,100.0,11.5,37.2,0.0
5203.0,2017.0,65209.0,12.0,8.8,100.0,100.0,11.7,37.6,0.0
5203.0,2018.0,66685.0,10.0,8.9,100.0,100.0,12.0,37.9,0.0
5203.0,2019.0,67958.0,14.0,9.0,100.0,100.0,12.4,38.2,0.0
5203.0,2020.0,66007.0,14.0,9.1,100.0,100.0,12.9,38.4,0.0
5203.0,2021.0,69858.0,13.0,9.3,100.0,100.0,13.4,38.7,0.0
5203.0,2022.0,71218.0,11.0,9.4,100.0,100.0,14.1,38.9,0.0
5203.0,2023.0,72455.0,13.0,9.6,100.0,100.0,14.9,39.1,0.0
5204.0,2000.0,17199.0,34.0,6.8,90.0,76.0,19.4,20.1,7.5
5204.0,2001.0,16912.0,28.0,6.8,91.0,77.0,18.2,20.8,6.8
5204.0,2002.0,16687.0,37.0,6.8,91.0,78.0,17.1,21.4,6.6
5204.0,2003.0,16684.0,47.0,6.7,92.0,78.0,16.0,22.1,7.2
5204.0,2004.0,17046.0,44.0,6.7,92.0,79.0,15.1,22.7,7.8
5204.0,2005.0,17213.0,21.0,6.7,92.0,80.0,14.2,23.3,7.3
5204.0,2006.0,17819.0,22.0,6.6,93.0,80.0,13.3,24.0,6.6
5204.0,2007.0,18050.0,23.0,6.6,93.0,81.0,12.6,24.6,6.5
5204.0,2008.0,18046.0,18.0,6.6,93.0,81.0,11.9,25.2,7.1
5204.0,2009.0,16818.0,14.0,6.6,94.0,82.0,11.3,25.9,6.8
5204.0,2010.0,17368.0,15.0,6.5,94.0,83.0,10.9,26.6,6.4
5204.0,2011.0,17767.0,19.0,6.5,94.0,83.0,10.7,27.2,6.3
5204.0,2012.0,18181.0,24.0,6.5,95.0,84.0,10.6,27.9,6.1
5204.0,2013.0,18176.0,16.0,6.5,95.0,84.0,10.6,28.6,6.4
5204.0,2014.0,18434.0,11.0,6.5,95.0,85.0,10.8,29.3,6.4
5204.0,2015.0,18752.0,9.0,6.5,96.0,86.0,11.0,30.0,6.3
5204.0,2016.0,18933.0,12.0,6.5,96.0,86.0,11.2,30.6,5.9
5204.0,2017.0,19152.0,22.0,6.5,96.0,87.0,11.5,31.3,5.8
5204.0,2018.0,19349.0,27.0,6.4,96.0,87.0,11.7,31.9,5.9
5204.0,2019.0,19180.0,21.0,6.5,97.0,88.0,12.0,32.6,5.4
5204.0,2020.0,17451.0,19.0,6.5,97.0,88.0,12.3,33.2,5.5
5204.0,2021.0,18512.0,10.0,6.6,97.0,89.0,12.7,33.9,5.5
5204.0,2022.0,19095.0,8.0,6.7,98.0,90.0,13.2,34.5,5.6
5204.0,2023.0,19589.0,12.0,6.9,98.0,90.0,13.8,35.1,5.7
5205.0,2000.0,14746.0,26.0,6.7,91.0,75.0,26.1,15.4,10.3
5205.0,2001.0,14599.0,19.0,6.8,91.0,76.0,25.2,16.0,10.1
5205.0,2002.0,14488.0,10.0,6.8,92.0,77.0,24.4,16.5,10.4
5205.0,2003.0,14658.0,13.0,6.9,92.0,77.0,23.6,17.0,9.6
5205.0,2004.0,15254.0,15.0,6.9,92.0,78.0,22.8,17.6,9.2
5205.0,2005.0,15663.0,15.0,7.0,93.0,79.0,22.0,18.1,8.5
5205.0,2006.0,16282.0,15.0,7.0,93.0,79.0,21.3,18.7,7.8
5205.0,2007.0,16935.0,17.0,7.0,93.0,80.0,20.5,19.2,7.2
5205.0,2008.0,17359.0,10.0,7.1,94.0,81.0,19.8,19.8,6.7
5205.0,2009.0,16778.0,14.0,7.1,94.0,81.0,19.0,20.5,6.4
5205.0,2010.0,17668.0,14.0,7.2,94.0,82.0,18.4,21.1,6.0
5205.0,2011.0,18270.0,8.0,7.3,94.0,83.0,18.0,21.8,5.7
5205.0,2012.0,18553.0,3.0,7.3,95.0,84.0,17.7,22.5,5.5
5205.0,2013.0,18885.0,9.0,7.4,95.0,84.0,17.6,23.2,5.2
5205.0,2014.0,18969.0,9.0,7.5,95.0,85.0,17.6,23.9,4.9
5205.0,2015.0,18876.0,10.0,7.6,96.0,85.0,17.7,24.7,5.1
5205.0,2016.0,18656.0,12.0,7.7,96.0,86.0,17.8,25.4,5.9
5205.0,2017.0,18830.0,21.0,7.7,96.0,86.0,18.0,26.1,5.6
5205.0,2018.0,18945.0,25.0,7.8,96.0,87.0,18.1,26.9,5.7
5205.0,2019.0,18894.0,24.0,8.0,96.0,87.0,18.3,27.6,5.4
5205.0,2020.0,17495.0,13.0,8.1,97.0,88.0,18.6,28.4,6.1
5205.0,2021.0,18665.0,9.0,8.2,97.0,89.0,18.9,29.1,5.9
5205.0,2022.0,19313.0,17.0,8.4,97.0,89.0,19.3,29.9,5.7
5205.0,2023.0,19607.0,16.0,8.6,97.0,90.0,19.9,30.7,5.5
5206.0,2000.0,13388.0,28.0,5.8,84.0,68.0,31.9,13.4,17.2
5206.0,2001.0,13707.0,44.0,5.9,85.0,69.0,31.1,13.9,17.5
5206.0,2002.0,14040.0,43.0,5.9,85.0,69.0,30.4,14.4,17.3
5206.0,2003.0,14063.0,33.0,6.0,85.0,69.0,29.6,15.0,19.8
5206.0,2004.0,14608.0,28.0,6.1,86.0,70.0,28.9,15.5,18.6
5206.0,2005.0,14897.0,29.0,6.1,86.0,71.0,28.1,16.0,17.8
5206.0,2006.0,15456.0,29.0,6.2,86.0,71.0,27.4,16.5,16.9
5206.0,2007.0,15758.0,27.0,6.2,87.0,72.0,26.7,17.0,16.0
5206.0,2008.0,15748.0,17.0,6.3,87.0,72.0,26.0,17.5,15.5
5206.0,2009.0,15432.0,32.0,6.3,87.0,72.0,25.4,18.0,14.6
5206.0,2010.0,15627.0,22.0,6.3,87.0,72.0,24.9,18.5,14.2
5206.0,2011.0,15700.0,21.0,6.4,88.0,73.0,24.7,19.0,13.9
5206.0,2012.0,15786.0,23.0,6.4,88.0,73.0,24.6,19.5,14.1
5206.0,2013.0,15970.0,25.0,6.5,88.0,74.0,24.6,20.0,13.4
5206.0,2014.0,16296.0,15.0,6.5,88.0,74.0,24.8,20.5,12.6
5206.0,2015.0,16556.0,15.0,6.5,88.0,74.0,25.1,21.0,12.7
5206.0,2016.0,16718.0,9.0,6.6,89.0,74.0,25.4,21.5,13.0
5206.0,2017.0,16708.0,12.0,6.6,89.0,75.0,25.8,21.9,12.7
5206.0,2018.0,17008.0,13.0,6.6,89.0,75.0,26.1,22.4,13.3
5206.0,2019.0,17292.0,12.0,6.6,89.0,75.0,26.6,22.9,13.4
5206.0,2020.0,15859.0,15.0,6.6,89.0,75.0,27.0,23.4,14.5
5206.0,2021.0,16846.0,8.0,6.6,90.0,75.0,27.6,24.0,14.4
5206.0,2022.0,17499.0,12.0,6.7,90.0,76.0,28.3,24.5,17.2
5206.0,2023.0,17613.0,30.0,6.7,90.0,76.0,29.1,25.0,17.0
5207.0,2000.0,13831.0,27.0,6.8,92.0,76.0,28.0,14.1,10.7
5207.0,2001.0,13703.0,22.0,6.9,92.0,76.0,27.3,14.5,10.5
5207.0,2002.0,13600.0,15.0,6.9,93.0,77.0,26.6,15.0,11.2
5207.0,2003.0,13853.0,27.0,7.0,93.0,78.0,25.9,15.5,9.4
5207.0,2004.0,14549.0,28.0,7.1,93.0,78.0,25.2,16.0,8.8
5207.0,2005.0,15069.0,28.0,7.2,94.0,79.0,24.5,16.5,8.0
5207.0,2006.0,15695.0,30.0,7.3,94.0,80.0,23.8,17.0,7.3
5207.0,2007.0,16554.0,34.0,7.3,94.0,81.0,23.0,17.6,6.5
5207.0,2008.0,17194.0,17.0,7.4,94.0,82.0,22.3,18.2,5.6
5207.0,2009.0,16870.0,25.0,7.5,95.0,82.0,21.5,18.8,5.4
5207.0,2010.0,17964.0,22.0,7.6,95.0,83.0,20.8,19.4,5.0
5207.0,2011.0,18696.0,17.0,7.7,95.0,84.0,20.3,20.1,4.6
5207.0,2012.0,18939.0,10.0,7.8,96.0,84.0,20.0,20.8,4.3
5207.0,2013.0,19433.0,11.0,8.0,96.0,85.0,19.8,21.5,3.9
5207.0,2014.0,19421.0,12.0,8.1,96.0,86.0,19.7,22.3,3.5
5207.0,2015.0,19117.0,13.0,8.2,96.0,87.0,19.7,23.0,3.8
5207.0,2016.0,18688.0,20.0,8.4,96.0,87.0,19.8,23.8,5.1
5207.0,2017.0,18856.0,40.0,8.5,96.0,87.0,20.0,24.6,4.7
5207.0,2018.0,18920.0,47.0,8.7,97.0,88.0,20.1,25.3,4.9
5207.0,2019.0,18895.0,45.0,8.8,97.0,89.0,20.2,26.1,4.6
5207.0,2020.0,17645.0,24.0,9.0,97.0,89.0,20.5,26.9,5.5
5207.0,2021.0,18878.0,11.0,9.2,98.0,90.0,20.8,27.8,5.2
5207.0,2022.0,19556.0,23.0,9.4,98.0,91.0,21.2,28.6,4.6
5207.0,2023.0,19773.0,27.0,9.6,98.0,91.0,21.8,29.4,4.2
5300.0,2000.0,7877.0,21.0,4.2,82.0,47.0,32.1,3.5,14.3
5300.0,2001.0,7915.0,15.0,4.2,82.0,48.0,31.8,3.7,14.8
5300.0,2002.0,8036.0,12.0,4.2,83.0,50.0,31.6,3.9,15.2
5300.0,2003.0,8274.0,19.0,4.2,84.0,51.0,31.5,4.1,14.8
5300.0,2004.0,8668.0,23.0,4.3,84.0,53.0,31.4,4.3,14.6
5300.0,2005.0,9000.0,21.0,4.3,85.0,55.0,31.3,4.5,14.0
5300.0,2006.0,9355.0,12.0,4.4,86.0,57.0,31.2,4.7,12.6
5300.0,2007.0,9723.0,5.0,4.4,86.0,59.0,31.1,5.0,11.0
5300.0,2008.0,9840.0,13.0,4.5,87.0,61.0,30.9,5.3,10.1
5300.0,2009.0,9812.0,19.0,4.5,88.0,62.0,30.8,5.5,9.8
5300.0,2010.0,10328.0,17.0,4.6,88.0,64.0,30.6,5.8,9.3
5300.0,2011.0,10665.0,12.0,4.6,89.0,66.0,30.6,6.1,8.6
5300.0,2012.0,10945.0,6.0,4.7,89.0,68.0,30.6,6.4,8.5
5300.0,2013.0,11271.0,6.0,4.7,90.0,70.0,30.7,6.7,7.6
5300.0,2014.0,11613.0,5.0,4.8,90.0,72.0,30.9,7.1,7.3
5300.0,2015.0,11983.0,8.0,4.8,91.0,74.0,31.1,7.4,8.0
5300.0,2016.0,12414.0,16.0,4.8,92.0,76.0,31.3,7.8,7.0
5300.0,2017.0,12828.0,15.0,4.8,92.0,77.0,31.5,8.2,6.3
5300.0,2018.0,13211.0,16.0,4.9,92.0,79.0,31.7,8.6,6.5
5300.0,2019.0,13433.0,17.0,4.9,93.0,81.0,32.0,9.0,6.5
5300.0,2020.0,12797.0,12.0,4.9,93.0,83.0,32.3,9.4,7.7
5300.0,2021.0,13476.0,11.0,4.9,94.0,84.0,32.6,9.8,7.9
5300.0,2022.0,14052.0,11.0,4.9,94.0,86.0,33.1,10.2,7.7
5300.0,2023.0,14630.0,7.0,4.9,95.0,88.0,33.6,10.7,7.2
5301.0,2000.0,5969.0,25.0,10.8,84.0,94.0,39.8,12.3,14.6
5301.0,2001.0,6490.0,33.0,10.9,85.0,94.0,39.1,12.6,16.8
5301.0,2002.0,6883.0,37.0,11.0,85.0,94.0,38.4,13.0,17.6
5301.0,2003.0,7327.0,22.0,11.0,86.0,94.0,37.8,13.3,16.4
5301.0,2004.0,7872.0,18.0,11.0,86.0,94.0,37.2,13.7,14.8
5301.0,2005.0,8456.0,25.0,10.8,87.0,95.0,36.6,14.2,13.5
5301.0,2006.0,9150.0,32.0,10.5,87.0,95.0,36.0,14.6,12.2
5301.0,2007.0,9852.0,28.0,10.1,88.0,95.0,35.3,15.1,10.7
5301.0,2008.0,10253.0,15.0,9.7,88.0,95.0,34.6,15.7,9.6
5301.0,2009.0,10419.0,7.0,9.2,89.0,95.0,33.9,16.3,8.5
5301.0,2010.0,10986.0,4.0,8.7,90.0,96.0,33.2,16.9,7.7
5301.0,2011.0,11660.0,4.0,8.2,90.0,96.0,32.7,17.5,6.4
5301.0,2012.0,12119.0,11.0,7.7,91.0,96.0,32.3,18.1,6.0
5301.0,2013.0,12726.0,12.0,7.2,91.0,96.0,31.9,18.7,5.8
5301.0,2014.0,13173.0,11.0,6.8,92.0,96.0,31.6,19.4,5.2
5301.0,2015.0,13362.0,10.0,6.4,92.0,96.0,31.3,20.0,4.8
5301.0,2016.0,13515.0,13.0,6.1,93.0,96.0,31.2,20.7,4.5
5301.0,2017.0,13867.0,21.0,5.8,93.0,97.0,31.1,21.4,4.0
5301.0,2018.0,14264.0,28.0,5.6,94.0,97.0,31.0,22.0,3.5
5301.0,2019.0,14749.0,26.0,5.5,94.0,97.0,31.0,22.7,3.3
5301.0,2020.0,14389.0,18.0,5.5,95.0,97.0,31.1,23.3,4.0
5301.0,2021.0,14930.0,14.0,5.5,96.0,97.0,31.3,24.0,3.9
5301.0,2022.0,15331.0,13.0,5.7,96.0,97.0,31.5,24.7,3.3
5301.0,2023.0,15925.0,16.0,5.9,96.0,97.0,32.0,25.3,3.0
5303.0,2000.0,3507.0,39.0,2.8,82.0,22.0,45.4,2.6,16.2
5303.0,2001.0,3582.0,30.0,2.8,82.0,24.0,45.3,2.8,17.8
5303.0,2002.0,3672.0,23.0,2.8,83.0,26.0,45.3,3.0,19.8
5303.0,2003.0,3874.0,39.0,2.7,83.0,28.0,45.3,3.2,19.5
5303.0,2004.0,4074.0,45.0,2.7,84.0,30.0,45.3,3.5,20.6
5303.0,2005.0,4284.0,40.0,2.7,84.0,33.0,45.4,3.7,20.1
5303.0,2006.0,4519.0,24.0,2.7,85.0,35.0,45.4,4.0,17.7
5303.0,2007.0,4775.0,16.0,2.7,86.0,38.0,45.5,4.2,15.5
5303.0,2008.0,4839.0,32.0,2.6,86.0,40.0,45.5,4.5,14.7
5303.0,2009.0,5063.0,40.0,2.6,87.0,43.0,45.5,4.8,15.0
5303.0,2010.0,5350.0,33.0,2.6,87.0,45.0,45.6,5.0,15.1
5303.0,2011.0,5524.0,19.0,2.6,88.0,48.0,45.7,5.3,14.1
5303.0,2012.0,5679.0,15.0,2.6,88.0,50.0,45.9,5.6,14.4
5303.0,2013.0,5897.0,17.0,2.6,89.0,53.0,46.1,6.0,12.3
5303.0,2014.0,6211.0,17.0,2.6,90.0,56.0,46.4,6.3,12.1
5303.0,2015.0,6526.0,19.0,2.6,90.0,58.0,46.7,6.7,13.8
5303.0,2016.0,6958.0,38.0,2.6,91.0,61.0,46.9,7.1,11.6
5303.0,2017.0,7300.0,38.0,2.6,91.0,63.0,47.2,7.5,10.4
5303.0,2018.0,7602.0,40.0,2.6,92.0,66.0,47.5,7.9,10.7
5303.0,2019.0,7773.0,38.0,2.7,92.0,69.0,47.7,8.3,10.9
5303.0,2020.0,7395.0,36.0,2.7,93.0,71.0,48.0,8.7,13.5
5303.0,2021.0,7931.0,14.0,2.8,94.0,74.0,48.4,9.1,13.9
5303.0,2022.0,8379.0,16.0,2.9,94.0,76.0,48.8,9.6,13.4
5303.0,2023.0,8920.0,8.0,3.0,95.0,78.0,49.3,10.0,12.2
5304.0,2000.0,6815.0,12.0,3.3,78.0,56.0,29.9,3.1,20.0
5304.0,2001.0,6928.0,11.0,3.5,79.0,57.0,29.5,3.2,19.9
5304.0,2002.0,7182.0,6.0,3.7,80.0,58.0,29.2,3.4,18.6
5304.0,2003.0,7505.0,7.0,3.9,80.0,60.0,29.0,3.6,17.9
5304.0,2004.0,7881.0,8.0,4.1,81.0,61.0,28.7,3.8,17.2
5304.0,2005.0,8228.0,8.0,4.3,82.0,63.0,28.4,4.0,16.8
5304.0,2006.0,8608.0,8.0,4.5,83.0,64.0,28.1,4.2,16.1
5304.0,2007.0,9046.0,5.0,4.8,84.0,65.0,27.8,4.4,15.0
5304.0,2008.0,9320.0,5.0,5.0,85.0,67.0,27.4,4.6,14.3
5304.0,2009.0,9423.0,5.0,5.3,85.0,68.0,26.9,4.9,13.2
5304.0,2010.0,9996.0,3.0,5.5,86.0,70.0,26.5,5.2,11.6
5304.0,2011.0,10345.0,3.0,5.7,87.0,71.0,26.2,5.5,10.3
5304.0,2012.0,10834.0,4.0,5.9,87.0,73.0,26.0,5.8,9.3
5304.0,2013.0,11242.0,5.0,6.0,88.0,74.0,25.7,6.1,9.1
5304.0,2014.0,11631.0,10.0,6.1,88.0,76.0,25.5,6.4,8.0
5304.0,2015.0,12063.0,10.0,6.1,89.0,77.0,25.3,6.8,8.0
5304.0,2016.0,12528.0,13.0,6.1,90.0,79.0,25.1,7.1,6.8
5304.0,2017.0,13072.0,14.0,6.0,90.0,80.0,24.9,7.5,6.2
5304.0,2018.0,13629.0,17.0,5.8,91.0,82.0,24.6,7.9,6.0
5304.0,2019.0,14130.0,14.0,5.6,91.0,83.0,24.3,8.4,5.8
5304.0,2020.0,13490.0,14.0,5.3,92.0,85.0,24.1,8.8,5.9
5304.0,2021.0,13856.0,12.0,5.1,92.0,86.0,24.0,9.3,5.6
5304.0,2022.0,14529.0,14.0,4.8,93.0,87.0,24.0,9.7,5.4
5304.0,2023.0,14981.0,7.0,4.6,93.0,88.0,24.2,10.2,5.5
5305.0,2000.0,20297.0,110.0,7.2,86.0,80.0,31.4,22.6,19.3
5305.0,2001.0,19762.0,187.0,7.6,86.0,80.0,31.0,23.2,19.4
5305.0,2002.0,19697.0,221.0,8.0,86.0,80.0,30.7,23.8,19.4
5305.0,2003.0,19932.0,228.0,8.4,87.0,81.0,30.5,24.4,19.8
5305.0,2004.0,21701.0,193.0,8.8,87.0,82.0,30.4,25.0,16.3
5305.0,2005.0,22720.0,63.0,9.0,87.0,82.0,30.2,25.5,13.5
5305.0,2006.0,23763.0,75.0,9.3,88.0,83.0,29.9,26.1,10.7
5305.0,2007.0,24460.0,89.0,9.4,88.0,84.0,29.6,26.6,8.7
5305.0,2008.0,24956.0,92.0,9.5,89.0,85.0,29.2,27.1,7.8
5305.0,2009.0,24106.0,73.0,9.5,89.0,85.0,28.9,27.6,6.8
5305.0,2010.0,25362.0,62.0,9.4,90.0,86.0,28.5,28.1,6.2
5305.0,2011.0,26969.0,51.0,9.3,90.0,87.0,28.2,28.5,7.6
5305.0,2012.0,27443.0,35.0,9.1,90.0,88.0,28.0,28.9,7.6
5305.0,2013.0,27884.0,28.0,8.8,91.0,89.0,27.8,29.3,7.9
5305.0,2014.0,28329.0,43.0,8.5,91.0,90.0,27.6,29.7,8.4
5305.0,2015.0,28856.0,60.0,8.1,92.0,91.0,27.6,30.0,9.3
5305.0,2016.0,29273.0,61.0,7.8,92.0,91.0,27.6,30.3,10.5
5305.0,2017.0,29666.0,72.0,7.5,92.0,92.0,27.6,30.6,10.2
5305.0,2018.0,30261.0,60.0,7.2,93.0,92.0,27.6,30.7,10.6
5305.0,2019.0,30402.0,43.0,6.9,93.0,93.0,27.7,30.9,10.7
5305.0,2020.0,28758.0,24.0,6.7,93.0,93.0,27.8,31.0,11.1
5305.0,2021.0,30882.0,12.0,6.5,94.0,93.0,28.0,31.1,11.5
5305.0,2022.0,32326.0,15.0,6.3,94.0,94.0,28.3,31.3,11.6
5305.0,2023.0,35198.0,25.0,6.2,94.0,94.0,28.7,31.4,12.1
5306.0,2000.0,3597.0,37.0,3.1,82.0,24.0,45.2,3.0,16.1
5306.0,2001.0,3688.0,28.0,3.0,82.0,26.0,45.1,3.2,17.8
5306.0,2002.0,3787.0,22.0,3.0,83.0,28.0,45.0,3.4,19.7
5306.0,2003.0,3998.0,37.0,3.0,83.0,30.0,45.0,3.6,19.4
5306.0,2004.0,4209.0,43.0,3.0,84.0,33.0,45.0,3.9,20.4
5306.0,2005.0,4432.0,38.0,2.9,84.0,35.0,45.1,4.1,19.9
5306.0,2006.0,4683.0,22.0,2.9,85.0,38.0,45.1,4.4,17.5
5306.0,2007.0,4954.0,16.0,2.9,86.0,40.0,45.1,4.6,15.3
5306.0,2008.0,5030.0,31.0,2.9,86.0,42.0,45.1,4.9,14.5
5306.0,2009.0,5252.0,39.0,2.8,87.0,45.0,45.1,5.2,14.8
5306.0,2010.0,5549.0,32.0,2.8,87.0,47.0,45.1,5.5,14.9
5306.0,2011.0,5741.0,19.0,2.8,88.0,50.0,45.2,5.8,13.8
5306.0,2012.0,5907.0,14.0,2.8,88.0,52.0,45.4,6.1,14.1
5306.0,2013.0,6140.0,16.0,2.8,89.0,54.0,45.6,6.4,12.1
5306.0,2014.0,6460.0,16.0,2.8,90.0,57.0,45.8,6.8,11.9
5306.0,2015.0,6772.0,18.0,2.8,90.0,60.0,46.1,7.2,13.5
5306.0,2016.0,7194.0,37.0,2.7,91.0,62.0,46.4,7.6,11.4
5306.0,2017.0,7538.0,37.0,2.8,91.0,65.0,46.6,8.0,10.1
5306.0,2018.0,7845.0,39.0,2.8,92.0,67.0,46.9,8.4,10.5
5306.0,2019.0,8030.0,36.0,2.8,92.0,70.0,47.1,8.8,10.6
5306.0,2020.0,7654.0,34.0,2.9,93.0,72.0,47.4,9.2,13.1
5306.0,2021.0,8193.0,14.0,2.9,94.0,74.0,47.7,9.7,13.5
5306.0,2022.0,8642.0,16.0,3.0,94.0,77.0,48.2,10.2,13.1
5306.0,2023.0,9187.0,8.0,3.2,95.0,79.0,48.7,10.6,11.8
5307.0,2000.0,14198.0,6.0,5.1,81.0,60.0,23.0,2.5,12.4
5307.0,2001.0,14296.0,17.0,5.1,82.0,61.0,22.5,2.6,12.1
5307.0,2002.0,14546.0,17.0,5.2,83.0,63.0,22.1,2.7,11.2
5307.0,2003.0,14882.0,15.0,5.2,84.0,65.0,21.8,2.9,10.8
5307.0,2004.0,15384.0,16.0,5.3,84.0,66.0,21.5,3.0,10.0
5307.0,2005.0,15820.0,14.0,5.4,85.0,68.0,21.2,3.2,9.3
5307.0,2006.0,16262.0,11.0,5.5,86.0,70.0,20.8,3.4,8.7
5307.0,2007.0,16766.0,15.0,5.6,87.0,71.0,20.5,3.6,7.8
5307.0,2008.0,16874.0,10.0,5.7,87.0,73.0,20.1,3.8,6.8
5307.0,2009.0,16493.0,10.0,5.9,88.0,75.0,19.7,4.0,6.1
5307.0,2010.0,17325.0,8.0,6.0,89.0,76.0,19.3,4.3,5.1
5307.0,2011.0,17658.0,11.0,6.1,89.0,78.0,19.0,4.5,4.3
5307.0,2012.0,18137.0,13.0,6.3,90.0,79.0,18.8,4.8,3.9
5307.0,2013.0,18630.0,12.0,6.4,90.0,81.0,18.6,5.1,3.9
5307.0,2014.0,18974.0,16.0,6.6,91.0,82.0,18.5,5.4,3.3
5307.0,2015.0,19407.0,18.0,6.7,92.0,84.0,18.4,5.7,3.2
5307.0,2016.0,19849.0,19.0,6.8,92.0,85.0,18.3,6.0,2.9
5307.0,2017.0,20449.0,18.0,6.9,92.0,87.0,18.3,6.4,2.6
5307.0,2018.0,20978.0,18.0,7.0,93.0,88.0,18.2,6.8,2.6
5307.0,2019.0,21338.0,15.0,7.1,93.0,90.0,18.1,7.2,0.0
5307.0,2020.0,20408.0,13.0,7.2,94.0,91.0,18.1,7.6,2.6
5307.0,2021.0,21025.0,13.0,7.3,94.0,92.0,18.2,8.0,0.0
5307.0,2022.0,21645.0,14.0,7.3,95.0,94.0,18.4,8.5,0.0
5307.0,2023.0,22155.0,19.0,7.4,95.0,95.0,18.7,9.0,0.0
5308.0,2000.0,14331.0,71.0,8.9,84.0,77.0,32.5,20.9,13.6
5308.0,2001.0,14155.0,119.0,9.3,84.0,77.0,32.0,21.5,13.3
5308.0,2002.0,14190.0,137.0,9.7,84.0,78.0,31.7,22.1,13.2
5308.0,2003.0,14460.0,140.0,10.1,84.0,78.0,31.5,22.7,13.5
5308.0,2004.0,15457.0,118.0,10.5,85.0,78.0,31.3,23.3,11.9
5308.0,2005.0,16118.0,37.0,10.7,85.0,79.0,31.0,23.9,10.3
5308.0,2006.0,16840.0,35.0,10.9,86.0,80.0,30.8,24.5,8.6
5308.0,2007.0,17391.0,46.0,11.0,86.0,81.0,30.4,25.0,7.4
5308.0,2008.0,17820.0,55.0,10.9,87.0,81.0,30.0,25.6,6.8
5308.0,2009.0,17446.0,52.0,10.9,87.0,82.0,29.6,26.1,6.3
5308.0,2010.0,18227.0,43.0,10.7,87.0,83.0,29.3,26.6,5.9
5308.0,2011.0,18923.0,32.0,10.5,88.0,83.0,29.0,27.1,6.7
5308.0,2012.0,19315.0,20.0,10.2,88.0,84.0,28.7,27.6,6.7
5308.0,2013.0,19510.0,16.0,9.9,89.0,85.0,28.5,28.1,6.8
5308.0,2014.0,19747.0,27.0,9.6,89.0,86.0,28.4,28.5,7.1
5308.0,2015.0,20106.0,37.0,9.2,89.0,87.0,28.4,28.9,7.7
5308.0,2016.0,20389.0,38.0,8.9,90.0,87.0,28.4,29.4,8.4
5308.0,2017.0,20671.0,42.0,8.5,90.0,88.0,28.5,29.7,8.3
5308.0,2018.0,21025.0,37.0,8.2,90.0,88.0,28.6,30.0,8.4
5308.0,2019.0,21136.0,26.0,7.9,91.0,89.0,28.7,30.2,8.5
5308.0,2020.0,20106.0,15.0,7.7,91.0,89.0,29.0,30.5,9.0
5308.0,2021.0,21295.0,11.0,7.5,91.0,90.0,29.3,30.7,9.6
5308.0,2022.0,22188.0,13.0,7.3,92.0,90.0,29.7,31.0,9.8
5308.0,2023.0,23155.0,15.0,7.3,92.0,91.0,30.2,31.3,11.3
5400.0,2000.0,33457.0,25.0,9.1,98.0,96.0,14.8,16.4,0.0
5400.0,2001.0,34387.0,13.0,9.3,98.0,95.0,14.6,16.7,0.0
5400.0,2002.0,34998.0,9.0,9.4,98.0,93.0,14.5,17.1,0.0
5400.0,2003.0,35776.0,17.0,9.5,98.0,94.0,14.4,17.4,0.0
5400.0,2004.0,37034.0,17.0,9.6,98.0,94.0,14.3,17.7,0.0
5400.0,2005.0,38066.0,15.0,9.6,98.0,94.0,14.3,18.0,0.0
5400.0,2006.0,39666.0,9.0,9.6,98.0,94.0,14.3,18.3,0.0
5400.0,2007.0,41266.0,9.0,9.5,98.0,94.0,14.3,18.6,0.0
5400.0,2008.0,41844.0,10.0,9.3,98.0,94.0,14.3,18.8,0.0
5400.0,2009.0,39654.0,8.0,9.1,98.0,94.0,14.3,19.0,0.0
5400.0,2010.0,40596.0,8.0,8.9,98.0,95.0,14.3,19.2,0.0
5400.0,2011.0,41581.0,8.0,8.7,98.0,95.0,14.4,19.3,0.0
5400.0,2012.0,41660.0,10.0,8.4,98.0,95.0,14.5,19.4,0.0
5400.0,2013.0,41808.0,9.0,8.2,98.0,95.0,14.7,19.5,0.0
5400.0,2014.0,42259.0,9.0,8.0,98.0,96.0,14.9,19.6,0.0
5400.0,2015.0,42716.0,10.0,7.8,98.0,96.0,15.1,19.6,0.0
5400.0,2016.0,43349.0,13.0,7.6,98.0,96.0,15.4,19.6,0.0
5400.0,2017.0,44473.0,11.0,7.4,98.0,96.0,15.7,19.7,0.0
5400.0,2018.0,45429.0,9.0,7.3,98.0,96.0,16.0,19.7,0.0
5400.0,2019.0,46289.0,5.0,7.3,98.0,96.0,16.4,19.6,0.0
5400.0,2020.0,43836.0,7.0,7.3,98.0,97.0,16.8,19.6,0.0
5400.0,2021.0,46730.0,9.0,7.3,98.0,97.0,17.4,19.6,0.0
5400.0,2022.0,47909.0,8.0,7.4,98.0,97.0,18.0,19.6,0.0
5400.0,2023.0,48561.0,9.0,7.6,98.0,97.0,18.6,19.6,0.0
5401.0,2000.0,17606.0,57.0,13.9,97.0,82.0,19.5,17.7,4.0
5401.0,2001.0,18538.0,30.0,14.2,97.0,90.0,19.3,18.0,3.3
5401.0,2002.0,19461.0,25.0,14.4,97.0,86.0,19.2,18.3,2.8
5401.0,2003.0,20788.0,26.0,14.6,97.0,86.0,19.1,18.6,2.7
5401.0,2004.0,22427.0,31.0,14.6,97.0,86.0,19.0,18.9,0.0
5401.0,2005.0,23776.0,29.0,14.5,97.0,86.0,18.9,19.2,0.0
5401.0,2006.0,25689.0,19.0,14.2,97.0,86.0,18.9,19.5,0.0
5401.0,2007.0,27752.0,13.0,13.8,97.0,87.0,18.9,19.8,0.0
5401.0,2008.0,29185.0,17.0,13.3,97.0,88.0,18.8,20.1,0.0
5401.0,2009.0,27257.0,14.0,12.7,97.0,88.0,18.8,20.3,0.0
5401.0,2010.0,28286.0,14.0,12.0,97.0,88.0,18.8,20.6,0.0
5401.0,2011.0,29519.0,14.0,11.3,97.0,89.0,18.9,20.8,0.0
5401.0,2012.0,30287.0,18.0,10.7,97.0,89.0,19.0,20.9,0.0
5401.0,2013.0,30658.0,18.0,10.1,96.0,90.0,19.2,21.1,0.0
5401.0,2014.0,30692.0,18.0,9.5,96.0,90.0,19.4,21.2,0.0
5401.0,2015.0,30445.0,11.0,9.0,96.0,91.0,19.6,21.3,0.0
5401.0,2016.0,30803.0,21.0,8.5,96.0,91.0,19.9,21.3,0.0
5401.0,2017.0,31762.0,23.0,8.2,96.0,92.0,20.2,21.3,0.0
5401.0,2018.0,32963.0,18.0,7.9,96.0,92.0,20.6,21.3,0.0
5401.0,2019.0,33979.0,22.0,7.8,96.0,92.0,21.0,21.3,0.0
5401.0,2020.0,33134.0,15.0,7.8,96.0,93.0,21.5,21.2,0.0
5401.0,2021.0,35295.0,15.0,7.9,96.0,93.0,22.0,21.2,0.0
5401.0,2022.0,35221.0,14.0,8.1,96.0,94.0,22.7,21.1,0.0
5401.0,2023.0,36748.0,17.0,8.5,96.0,94.0,23.5,21.1,0.0
5402.0,2000.0,44670.0,25.0,6.6,99.0,98.0,11.3,17.4,0.0
5402.0,2001.0,45607.0,19.0,6.6,99.0,98.0,11.1,17.9,0.0
5402.0,2002.0,46356.0,16.0,6.7,99.0,98.0,10.9,18.5,0.0
5402.0,2003.0,47468.0,15.0,6.8,99.0,98.0,10.8,19.1,0.0
5402.0,2004.0,48755.0,16.0,6.8,99.0,98.0,10.8,19.6,0.0
5402.0,2005.0,50014.0,16.0,6.9,100.0,98.0,10.8,20.1,0.0
5402.0,2006.0,51243.0,11.0,7.0,100.0,98.0,10.9,20.5,0.0
5402.0,2007.0,52594.0,11.0,7.1,100.0,98.0,11.0,20.9,0.0
5402.0,2008.0,52028.0,14.0,7.1,100.0,98.0,11.1,21.3,0.0
5402.0,2009.0,49085.0,14.0,7.2,100.0,98.0,11.2,21.6,0.0
5402.0,2010.0,49944.0,15.0,7.3,100.0,98.0,11.3,21.9,0.0
5402.0,2011.0,50371.0,23.0,7.4,100.0,98.0,11.5,22.2,0.0
5402.0,2012.0,50658.0,18.0,7.4,100.0,98.0,11.6,22.4,0.0
5402.0,2013.0,51120.0,16.0,7.5,100.0,98.0,11.8,22.6,0.0
5402.0,2014.0,52295.0,16.0,7.6,100.0,98.0,11.9,22.8,0.0
5402.0,2015.0,53803.0,25.0,7.6,100.0,98.0,12.1,23.0,0.0
5402.0,2016.0,54555.0,25.0,7.6,100.0,98.0,12.3,23.2,0.0
5402.0,2017.0,56081.0,22.0,7.7,100.0,98.0,12.5,23.4,0.0
5402.0,2018.0,56940.0,13.0,7.7,100.0,98.0,12.7,23.6,0.0
5402.0,2019.0,57631.0,9.0,7.7,100.0,98.0,13.0,23.8,0.0
5402.0,2020.0,54060.0,11.0,7.7,100.0,98.0,13.4,24.0,0.0
5402.0,2021.0,58108.0,10.0,7.8,100.0,98.0,13.8,24.2,0.0
5402.0,2022.0,59972.0,18.0,7.8,100.0,98.0,14.2,24.4,0.0
5402.0,2023.0,59230.0,20.0,7.8,100.0,98.0,14.8,24.6,0.0
5403.0,2000.0,38332.0,41.0,8.1,99.0,99.0,13.3,15.6,0.0
5403.0,2001.0,39330.0,28.0,8.3,99.0,99.0,13.1,16.0,0.0
5403.0,2002.0,39753.0,31.0,8.4,99.0,99.0,13.0,16.3,0.0
5403.0,2003.0,40058.0,28.0,8.5,99.0,99.0,12.9,16.7,0.0
5403.0,2004.0,40745.0,31.0,8.6,99.0,99.0,12.9,17.0,0.0
5403.0,2005.0,41241.0,13.0,8.7,99.0,99.0,12.9,17.4,0.0
5403.0,2006.0,42222.0,20.0,8.7,99.0,99.0,12.9,17.7,0.0
5403.0,2007.0,43035.0,19.0,8.7,99.0,99.0,12.9,17.9,0.0
5403.0,2008.0,42767.0,18.0,8.7,99.0,99.0,13.0,18.2,0.0
5403.0,2009.0,40655.0,21.0,8.7,99.0,99.0,13.0,18.3,0.0
5403.0,2010.0,40777.0,26.0,8.7,99.0,99.0,13.0,18.4,0.0
5403.0,2011.0,40486.0,14.0,8.6,99.0,99.0,13.1,18.5,0.0
5403.0,2012.0,39183.0,10.0,8.6,99.0,99.0,13.3,18.4,0.0
5403.0,2013.0,38699.0,7.0,8.6,99.0,99.0,13.4,18.4,0.0
5403.0,2014.0,39044.0,7.0,8.6,99.0,99.0,13.6,18.3,0.0
5403.0,2015.0,39948.0,31.0,8.6,99.0,99.0,13.8,18.2,0.0
5403.0,2016.0,40810.0,35.0,8.5,99.0,99.0,14.0,18.1,0.0
5403.0,2017.0,41806.0,32.0,8.6,99.0,99.0,14.3,18.0,0.0
5403.0,2018.0,42515.0,29.0,8.6,99.0,99.0,14.6,17.9,0.0
5403.0,2019.0,43224.0,15.0,8.6,99.0,100.0,15.0,17.7,0.0
5403.0,2020.0,39346.0,20.0,8.6,100.0,100.0,15.4,17.6,0.0
5403.0,2021.0,42636.0,19.0,8.7,100.0,100.0,15.9,17.5,0.0
5403.0,2022.0,44973.0,17.0,8.8,100.0,100.0,16.5,17.3,0.0
5403.0,2023.0,45662.0,14.0,8.9,100.0,100.0,17.2,17.2,0.0
5404.0,2000.0,50162.0,45.0,4.8,100.0,99.0,9.3,14.5,0.0
5404.0,2001.0,50811.0,38.0,4.8,100.0,99.0,9.0,14.8,0.0
5404.0,2002.0,50797.0,38.0,4.8,100.0,99.0,8.9,15.1,0.0
5404.0,2003.0,50704.0,36.0,4.8,100.0,99.0,8.8,15.4,0.0
5404.0,2004.0,51573.0,34.0,4.9,100.0,99.0,8.8,15.7,0.0
5404.0,2005.0,52205.0,23.0,4.9,100.0,99.0,8.8,15.9,0.0
5404.0,2006.0,53829.0,23.0,4.9,100.0,99.0,8.9,16.1,0.0
5404.0,2007.0,55329.0,23.0,5.0,100.0,99.0,8.9,16.3,0.0
5404.0,2008.0,55716.0,10.0,5.0,100.0,99.0,9.0,16.4,0.0
5404.0,2009.0,53349.0,9.0,5.0,100.0,99.0,9.0,16.5,0.0
5404.0,2010.0,54782.0,9.0,5.0,100.0,99.0,9.1,16.6,0.0
5404.0,2011.0,56621.0,10.0,5.1,100.0,99.0,9.3,16.6,0.0
5404.0,2012.0,56561.0,11.0,5.1,100.0,99.0,9.5,16.6,0.0
5404.0,2013.0,56618.0,12.0,5.2,100.0,99.0,9.7,16.6,0.0
5404.0,2014.0,57296.0,12.0,5.2,100.0,99.0,10.0,16.6,0.0
5404.0,2015.0,57772.0,15.0,5.2,100.0,99.0,10.2,16.5,0.0
5404.0,2016.0,58445.0,16.0,5.2,100.0,99.0,10.6,16.5,0.0
5404.0,2017.0,59599.0,4.0,5.2,100.0,99.0,10.9,16.5,0.0
5404.0,2018.0,60320.0,4.0,5.3,100.0,99.0,11.3,16.5,0.0
5404.0,2019.0,61043.0,7.0,5.3,100.0,99.0,11.8,16.5,0.0
5404.0,2020.0,57785.0,21.0,5.3,100.0,99.0,12.3,16.4,0.0
5404.0,2021.0,60688.0,27.0,5.4,100.0,99.0,12.9,16.4,0.0
5404.0,2022.0,62125.0,24.0,5.5,100.0,99.0,13.5,16.4,0.0
5404.0,2023.0,61928.0,17.0,5.5,100.0,99.0,14.2,16.4,0.0
5501.0,2000.0,43552.0,57.0,7.0,100.0,100.0,8.3,19.8,0.0
5501.0,2001.0,43999.0,58.0,7.3,100.0,100.0,8.1,20.5,0.0
5501.0,2002.0,45224.0,50.0,7.5,100.0,100.0,7.8,21.1,0.0
5501.0,2003.0,46130.0,16.0,7.8,100.0,100.0,7.7,21.8,0.0
5501.0,2004.0,47523.0,11.0,8.1,100.0,100.0,7.6,22.4,0.0
5501.0,2005.0,48449.0,19.0,8.5,100.0,100.0,7.5,23.0,0.0
5501.0,2006.0,49137.0,24.0,8.9,100.0,100.0,7.4,23.6,0.0
5501.0,2007.0,50100.0,29.0,9.4,100.0,100.0,7.4,24.1,0.0
5501.0,2008.0,50659.0,34.0,9.9,100.0,100.0,7.3,24.6,0.0
5501.0,2009.0,50547.0,34.0,10.4,100.0,100.0,7.3,25.1,0.0
5501.0,2010.0,50857.0,32.0,11.0,100.0,100.0,7.3,25.5,0.0
5501.0,2011.0,51390.0,27.0,11.7,100.0,100.0,7.3,25.9,0.0
5501.0,2012.0,52489.0,15.0,12.4,100.0,100.0,7.4,26.3,0.0
5501.0,2013.0,53036.0,9.0,13.1,100.0,100.0,7.4,26.7,0.0
5501.0,2014.0,53682.0,9.0,13.9,100.0,100.0,7.6,27.2,0.0
5501.0,2015.0,54117.0,22.0,14.8,100.0,100.0,7.8,27.6,0.0
5501.0,2016.0,54760.0,35.0,15.7,100.0,100.0,8.0,28.0,0.0
5501.0,2017.0,55141.0,40.0,16.6,100.0,100.0,8.2,28.4,0.0
5501.0,2018.0,55901.0,45.0,17.5,100.0,100.0,8.6,28.8,0.0
5501.0,2019.0,56299.0,43.0,18.5,100.0,100.0,9.0,29.2,0.0
5501.0,2020.0,55452.0,33.0,19.4,100.0,100.0,9.5,29.6,0.0
5501.0,2021.0,56670.0,27.0,20.4,100.0,100.0,10.0,30.0,0.0
5501.0,2022.0,58381.0,9.0,21.4,100.0,100.0,10.6,30.4,0.0
5501.0,2023.0,58857.0,32.0,22.4,100.0,100.0,11.3,30.8,0.0
5504.0,2000.0,5017.0,10.0,7.2,96.0,91.0,20.0,46.7,5.6
5504.0,2001.0,5222.0,24.0,7.4,96.0,91.0,19.7,47.2,5.1
5504.0,2002.0,5461.0,23.0,7.6,96.0,91.0,19.5,47.6,5.1
5504.0,2003.0,5593.0,23.0,7.7,96.0,91.0,19.4,48.1,5.1
5504.0,2004.0,5623.0,23.0,7.9,96.0,91.0,19.3,48.5,4.5
5504.0,2005.0,5805.0,14.0,8.1,96.0,91.0,19.3,49.0,4.3
5504.0,2006.0,5814.0,17.0,8.2,96.0,92.0,19.2,49.4,4.3
5504.0,2007.0,5761.0,18.0,8.3,96.0,92.0,19.1,49.9,4.3
5504.0,2008.0,5960.0,17.0,8.3,96.0,92.0,18.9,50.4,3.8
5504.0,2009.0,5795.0,16.0,8.3,96.0,92.0,18.8,50.9,3.8
5504.0,2010.0,6004.0,18.0,8.3,96.0,92.0,18.7,51.5,3.5
5504.0,2011.0,6252.0,25.0,8.2,96.0,92.0,18.7,52.0,3.9
5504.0,2012.0,6078.0,20.0,8.2,96.0,93.0,18.7,52.6,3.8
5504.0,2013.0,6068.0,14.0,8.2,97.0,93.0,18.7,53.1,3.7
5504.0,2014.0,6109.0,15.0,8.3,97.0,93.0,18.8,53.7,3.7
5504.0,2015.0,6273.0,18.0,8.3,97.0,93.0,18.9,54.2,4.0
5504.0,2016.0,6718.0,16.0,8.3,98.0,93.0,19.1,54.7,4.0
5504.0,2017.0,6818.0,23.0,8.3,98.0,93.0,19.3,55.3,4.3
5504.0,2018.0,6757.0,33.0,8.4,98.0,93.0,19.5,55.9,4.1
5504.0,2019.0,6920.0,29.0,8.4,98.0,94.0,19.8,56.4,3.4
5504.0,2020.0,6771.0,23.0,8.4,99.0,94.0,20.2,57.0,3.2
5504.0,2021.0,6505.0,32.0,8.5,99.0,94.0,20.6,57.5,2.8
5504.0,2022.0,6535.0,46.0,8.6,99.0,94.0,21.1,58.1,2.9
5504.0,2023.0,7226.0,37.0,8.7,99.0,94.0,21.6,58.6,3.5
